emplyeeId,date,month,day,year,newDate,totalMinutes,totalData
1905,10/9/2017,10,9,2017,2017-10-9,29,0.02
1906,4/17/2018,4,17,2018,2018-4-17,7,0.65
1905,2/18/2018,2,18,2018,2018-2-18,21,0.26
1906,5/13/2018,5,13,2018,2018-5-13,61,1.91
1909,1/20/2018,1,20,2018,2018-1-20,45,0.76
1907,4/12/2018,4,12,2018,2018-4-12,73,1.61
1908,5/24/2018,5,24,2018,2018-5-24,22,0.35
1903,4/12/2018,4,12,2018,2018-4-12,40,0.95
1907,11/25/2017,11,25,2017,2017-11-25,96,1.96
1909,4/13/2018,4,13,2018,2018-4-13,88,0.38
1907,2/4/2018,2,4,2018,2018-2-4,66,0.23
1904,10/27/2017,10,27,2017,2017-10-27,76,0.75
1904,7/3/2018,7,3,2018,2018-7-3,1,1.16
1909,1/11/2018,1,11,2018,2018-1-11,66,1.64
1906,1/22/2018,1,22,2018,2018-1-22,89,1.62
1903,12/31/2017,12,31,2017,2017-12-31,31,0.89
1906,4/6/2018,4,6,2018,2018-4-6,2,0.06
1904,2/12/2018,2,12,2018,2018-2-12,4,1.78
1903,5/25/2018,5,25,2018,2018-5-25,42,0.31
1911,5/23/2018,5,23,2018,2018-5-23,54,0.97
1903,4/9/2018,4,9,2018,2018-4-9,64,0.64
1907,2/7/2018,2,7,2018,2018-2-7,65,0.03
1907,1/13/2018,1,13,2018,2018-1-13,40,1.18
1907,7/22/2018,7,22,2018,2018-7-22,92,1.12
1910,3/14/2018,3,14,2018,2018-3-14,14,0.56
1910,8/28/2018,8,28,2018,2018-8-28,97,1.14
1910,7/10/2018,7,10,2018,2018-7-10,4,1.23
1908,9/17/2018,9,17,2018,2018-9-17,54,1.71
1910,12/17/2017,12,17,2017,2017-12-17,99,0.39
1909,11/22/2017,11,22,2017,2017-11-22,7,0.73
1905,3/29/2018,3,29,2018,2018-3-29,49,1.64
1908,2/24/2018,2,24,2018,2018-2-24,38,1.12
1905,2/26/2018,2,26,2018,2018-2-26,53,0.05
1908,9/19/2018,9,19,2018,2018-9-19,22,0.09
1908,10/23/2017,10,23,2017,2017-10-23,1,0.4
1903,11/2/2017,11,2,2017,2017-11-2,69,1.51
1907,9/25/2017,9,25,2017,2017-9-25,13,0.52
1906,12/9/2017,12,9,2017,2017-12-9,37,0.24
1904,11/27/2017,11,27,2017,2017-11-27,36,1.83
1903,3/20/2018,3,20,2018,2018-3-20,66,1.19
1905,1/2/2018,1,2,2018,2018-1-2,48,1.71
1909,12/28/2017,12,28,2017,2017-12-28,22,0.07
1904,4/11/2018,4,11,2018,2018-4-11,56,0.87
1907,10/16/2017,10,16,2017,2017-10-16,37,1.85
1903,4/22/2018,4,22,2018,2018-4-22,81,0.11
1911,9/15/2018,9,15,2018,2018-9-15,82,1.39
1911,9/20/2018,9,20,2018,2018-9-20,81,0.15
1911,10/29/2017,10,29,2017,2017-10-29,71,0.6
1911,8/10/2018,8,10,2018,2018-8-10,4,0.03
1909,5/17/2018,5,17,2018,2018-5-17,86,0.11
1904,3/4/2018,3,4,2018,2018-3-4,93,1.58
1907,5/21/2018,5,21,2018,2018-5-21,30,0.6
1906,6/14/2018,6,14,2018,2018-6-14,75,0.37
1906,7/28/2018,7,28,2018,2018-7-28,69,0.46
1909,9/3/2018,9,3,2018,2018-9-3,9,0.07
1903,2/28/2018,2,28,2018,2018-2-28,15,0.87
1905,6/24/2018,6,24,2018,2018-6-24,8,1.04
1911,10/21/2017,10,21,2017,2017-10-21,78,1.48
1906,5/19/2018,5,19,2018,2018-5-19,73,1.79
1908,3/4/2018,3,4,2018,2018-3-4,91,0.35
1907,5/1/2018,5,1,2018,2018-5-1,23,0.84
1906,11/30/2017,11,30,2017,2017-11-30,22,0.04
1909,1/9/2018,1,9,2018,2018-1-9,36,1.7
1910,6/1/2018,6,1,2018,2018-6-1,33,1.95
1910,7/29/2018,7,29,2018,2018-7-29,94,0.43
1909,11/7/2017,11,7,2017,2017-11-7,92,1.44
1911,9/24/2017,9,24,2017,2017-9-24,25,1.16
1903,1/25/2018,1,25,2018,2018-1-25,27,0.97
1904,5/3/2018,5,3,2018,2018-5-3,29,0.13
1909,1/1/2018,1,1,2018,2018-1-1,77,1.96
1905,11/6/2017,11,6,2017,2017-11-6,61,0.9
1910,11/25/2017,11,25,2017,2017-11-25,22,1.47
1904,12/8/2017,12,8,2017,2017-12-8,76,0.55
1904,2/18/2018,2,18,2018,2018-2-18,23,1.53
1906,2/14/2018,2,14,2018,2018-2-14,36,0.21
1907,3/26/2018,3,26,2018,2018-3-26,94,1.85
1904,8/1/2018,8,1,2018,2018-8-1,17,1.59
1911,3/14/2018,3,14,2018,2018-3-14,3,0.52
1907,7/4/2018,7,4,2018,2018-7-4,98,1.72
1906,5/15/2018,5,15,2018,2018-5-15,23,1.64
1907,4/11/2018,4,11,2018,2018-4-11,38,1.81
1910,4/27/2018,4,27,2018,2018-4-27,92,0.07
1911,6/3/2018,6,3,2018,2018-6-3,40,1.33
1908,2/28/2018,2,28,2018,2018-2-28,85,1.88
1905,1/8/2018,1,8,2018,2018-1-8,10,1.53
1903,7/6/2018,7,6,2018,2018-7-6,10,1.96
1904,10/2/2017,10,2,2017,2017-10-2,29,1.35
1905,3/28/2018,3,28,2018,2018-3-28,63,0.53
1907,2/3/2018,2,3,2018,2018-2-3,91,1.08
1906,3/2/2018,3,2,2018,2018-3-2,50,1.88
1904,11/23/2017,11,23,2017,2017-11-23,20,0.14
1906,2/10/2018,2,10,2018,2018-2-10,1,1.89
1908,6/2/2018,6,2,2018,2018-6-2,3,1.34
1904,9/22/2017,9,22,2017,2017-9-22,89,0.52
1906,8/17/2018,8,17,2018,2018-8-17,2,0.31
1904,7/20/2018,7,20,2018,2018-7-20,65,1.66
1905,11/30/2017,11,30,2017,2017-11-30,60,1.8
1906,1/17/2018,1,17,2018,2018-1-17,35,0.46
1910,8/16/2018,8,16,2018,2018-8-16,8,0.11
1905,12/29/2017,12,29,2017,2017-12-29,19,0.6
1904,10/22/2017,10,22,2017,2017-10-22,77,0.5
1907,3/13/2018,3,13,2018,2018-3-13,99,1.66
1904,8/28/2018,8,28,2018,2018-8-28,88,1.08
1906,2/1/2018,2,1,2018,2018-2-1,74,0.08
1907,10/9/2017,10,9,2017,2017-10-9,55,0.19
1910,8/2/2018,8,2,2018,2018-8-2,72,1.96
1909,12/9/2017,12,9,2017,2017-12-9,89,0.34
1906,7/1/2018,7,1,2018,2018-7-1,76,1.41
1907,12/11/2017,12,11,2017,2017-12-11,15,0.62
1908,10/3/2017,10,3,2017,2017-10-3,15,0.66
1906,10/28/2017,10,28,2017,2017-10-28,33,1.56
1906,6/17/2018,6,17,2018,2018-6-17,23,0.57
1909,8/16/2018,8,16,2018,2018-8-16,29,1.01
1903,1/1/2018,1,1,2018,2018-1-1,71,0.64
1906,9/23/2017,9,23,2017,2017-9-23,9,1.69
1907,1/16/2018,1,16,2018,2018-1-16,64,1.21
1903,4/19/2018,4,19,2018,2018-4-19,87,0.45
1906,7/6/2018,7,6,2018,2018-7-6,38,0.03
1911,7/21/2018,7,21,2018,2018-7-21,32,0.59
1905,7/7/2018,7,7,2018,2018-7-7,92,0.85
1906,2/25/2018,2,25,2018,2018-2-25,98,0.4
1904,6/7/2018,6,7,2018,2018-6-7,36,1.16
1905,4/28/2018,4,28,2018,2018-4-28,25,0.37
1908,3/16/2018,3,16,2018,2018-3-16,52,0.87
1904,4/17/2018,4,17,2018,2018-4-17,99,0.33
1904,8/23/2018,8,23,2018,2018-8-23,84,0.82
1905,6/7/2018,6,7,2018,2018-6-7,3,0.04
1907,4/6/2018,4,6,2018,2018-4-6,10,1.87
1908,5/16/2018,5,16,2018,2018-5-16,2,0.46
1907,11/10/2017,11,10,2017,2017-11-10,60,1.84
1911,9/10/2018,9,10,2018,2018-9-10,33,1.72
1911,1/5/2018,1,5,2018,2018-1-5,65,0.55
1908,9/19/2018,9,19,2018,2018-9-19,26,0.07
1910,8/24/2018,8,24,2018,2018-8-24,79,0.62
1911,1/13/2018,1,13,2018,2018-1-13,23,1.86
1907,4/11/2018,4,11,2018,2018-4-11,95,0.91
1904,10/24/2017,10,24,2017,2017-10-24,38,1.58
1905,6/8/2018,6,8,2018,2018-6-8,66,0.13
1911,12/26/2017,12,26,2017,2017-12-26,66,0.44
1909,8/20/2018,8,20,2018,2018-8-20,42,1.76
1911,8/27/2018,8,27,2018,2018-8-27,41,1.73
1906,5/27/2018,5,27,2018,2018-5-27,87,1.73
1909,1/1/2018,1,1,2018,2018-1-1,46,1.96
1908,6/3/2018,6,3,2018,2018-6-3,73,0.04
1910,4/23/2018,4,23,2018,2018-4-23,35,1.69
1908,1/19/2018,1,19,2018,2018-1-19,77,1.2
1904,7/19/2018,7,19,2018,2018-7-19,22,1.26
1903,8/2/2018,8,2,2018,2018-8-2,18,1.56
1906,6/27/2018,6,27,2018,2018-6-27,45,0.46
1911,7/21/2018,7,21,2018,2018-7-21,88,0.2
1903,5/4/2018,5,4,2018,2018-5-4,56,0.5
1903,9/9/2018,9,9,2018,2018-9-9,70,1.37
1906,7/7/2018,7,7,2018,2018-7-7,20,1.81
1911,11/17/2017,11,17,2017,2017-11-17,83,1.4
1910,3/19/2018,3,19,2018,2018-3-19,37,0.14
1905,4/18/2018,4,18,2018,2018-4-18,78,1.96
1909,1/14/2018,1,14,2018,2018-1-14,46,1.73
1905,4/18/2018,4,18,2018,2018-4-18,11,0.25
1903,12/24/2017,12,24,2017,2017-12-24,31,1.45
1905,10/31/2017,10,31,2017,2017-10-31,41,1.29
1909,3/31/2018,3,31,2018,2018-3-31,33,0.93
1903,8/15/2018,8,15,2018,2018-8-15,31,0.04
1908,7/18/2018,7,18,2018,2018-7-18,40,1.57
1910,4/27/2018,4,27,2018,2018-4-27,17,0.15
1904,7/31/2018,7,31,2018,2018-7-31,3,1.72
1903,3/3/2018,3,3,2018,2018-3-3,60,1.97
1903,9/28/2017,9,28,2017,2017-9-28,71,1.77
1909,3/5/2018,3,5,2018,2018-3-5,32,1.96
1903,7/8/2018,7,8,2018,2018-7-8,69,1.79
1910,8/11/2018,8,11,2018,2018-8-11,97,0.9
1903,4/28/2018,4,28,2018,2018-4-28,81,1.84
1909,7/6/2018,7,6,2018,2018-7-6,81,0.78
1905,1/24/2018,1,24,2018,2018-1-24,82,1.69
1907,11/22/2017,11,22,2017,2017-11-22,19,0.1
1910,3/4/2018,3,4,2018,2018-3-4,5,1.7
1907,6/3/2018,6,3,2018,2018-6-3,85,0.02
1910,4/29/2018,4,29,2018,2018-4-29,51,1.56
1907,1/31/2018,1,31,2018,2018-1-31,39,0.85
1910,2/27/2018,2,27,2018,2018-2-27,26,1.23
1905,3/28/2018,3,28,2018,2018-3-28,91,0.64
1903,1/19/2018,1,19,2018,2018-1-19,91,1.89
1911,5/27/2018,5,27,2018,2018-5-27,97,1.58
1906,11/23/2017,11,23,2017,2017-11-23,58,1.4
1907,6/23/2018,6,23,2018,2018-6-23,40,0.09
1904,9/25/2017,9,25,2017,2017-9-25,16,1.96
1908,3/5/2018,3,5,2018,2018-3-5,45,0.89
1911,12/6/2017,12,6,2017,2017-12-6,58,0.04
1904,5/5/2018,5,5,2018,2018-5-5,4,1.42
1905,12/4/2017,12,4,2017,2017-12-4,91,1.47
1903,10/13/2017,10,13,2017,2017-10-13,47,1.98
1905,10/14/2017,10,14,2017,2017-10-14,2,0.32
1906,6/21/2018,6,21,2018,2018-6-21,49,1.5
1910,1/30/2018,1,30,2018,2018-1-30,56,0.91
1909,8/24/2018,8,24,2018,2018-8-24,97,0.83
1905,5/4/2018,5,4,2018,2018-5-4,5,0.55
1910,8/16/2018,8,16,2018,2018-8-16,44,0.99
1909,5/10/2018,5,10,2018,2018-5-10,30,1.23
1908,4/1/2018,4,1,2018,2018-4-1,16,1.89
1904,1/9/2018,1,9,2018,2018-1-9,91,1.1
1906,1/22/2018,1,22,2018,2018-1-22,12,0.86
1908,11/9/2017,11,9,2017,2017-11-9,73,1.1
1910,4/16/2018,4,16,2018,2018-4-16,18,1.92
1904,4/29/2018,4,29,2018,2018-4-29,55,1.91
1907,2/20/2018,2,20,2018,2018-2-20,71,1.9
1905,3/5/2018,3,5,2018,2018-3-5,69,1.78
1908,2/28/2018,2,28,2018,2018-2-28,27,1.39
1911,1/13/2018,1,13,2018,2018-1-13,51,0.25
1905,10/9/2017,10,9,2017,2017-10-9,29,0.09
1907,10/22/2017,10,22,2017,2017-10-22,3,0.39
1906,3/31/2018,3,31,2018,2018-3-31,39,1.61
1906,7/1/2018,7,1,2018,2018-7-1,49,0.13
1905,12/12/2017,12,12,2017,2017-12-12,18,0.39
1903,4/19/2018,4,19,2018,2018-4-19,92,1.62
1905,12/31/2017,12,31,2017,2017-12-31,75,1.3
1909,1/7/2018,1,7,2018,2018-1-7,16,1.4
1910,1/20/2018,1,20,2018,2018-1-20,72,0.56
1907,1/27/2018,1,27,2018,2018-1-27,90,0.59
1911,9/21/2017,9,21,2017,2017-9-21,53,1.75
1908,5/22/2018,5,22,2018,2018-5-22,100,0.48
1907,12/15/2017,12,15,2017,2017-12-15,95,1.06
1906,12/12/2017,12,12,2017,2017-12-12,19,1.24
1906,4/18/2018,4,18,2018,2018-4-18,66,1.2
1908,7/11/2018,7,11,2018,2018-7-11,60,1.12
1907,3/19/2018,3,19,2018,2018-3-19,64,1.03
1903,2/5/2018,2,5,2018,2018-2-5,25,0.09
1908,11/19/2017,11,19,2017,2017-11-19,79,1.77
1907,10/28/2017,10,28,2017,2017-10-28,21,0.02
1903,3/8/2018,3,8,2018,2018-3-8,67,1.4
1903,9/30/2017,9,30,2017,2017-9-30,57,1.45
1907,9/9/2018,9,9,2018,2018-9-9,21,0.28
1903,2/20/2018,2,20,2018,2018-2-20,82,1.15
1905,7/29/2018,7,29,2018,2018-7-29,61,1.02
1907,8/8/2018,8,8,2018,2018-8-8,25,0.68
1910,6/6/2018,6,6,2018,2018-6-6,58,0.98
1904,4/23/2018,4,23,2018,2018-4-23,29,0.73
1906,3/1/2018,3,1,2018,2018-3-1,20,0.35
1905,8/14/2018,8,14,2018,2018-8-14,22,0.65
1911,1/1/2018,1,1,2018,2018-1-1,40,1.14
1911,11/12/2017,11,12,2017,2017-11-12,83,0.29
1908,8/19/2018,8,19,2018,2018-8-19,76,0.57
1909,9/30/2017,9,30,2017,2017-9-30,85,1.43
1908,1/9/2018,1,9,2018,2018-1-9,7,1.31
1906,6/28/2018,6,28,2018,2018-6-28,91,0.67
1903,11/13/2017,11,13,2017,2017-11-13,28,0.86
1905,2/27/2018,2,27,2018,2018-2-27,53,1.79
1908,7/13/2018,7,13,2018,2018-7-13,39,0.86
1904,10/30/2017,10,30,2017,2017-10-30,86,1.34
1909,5/24/2018,5,24,2018,2018-5-24,27,1.58
1903,9/16/2018,9,16,2018,2018-9-16,53,0.53
1903,8/18/2018,8,18,2018,2018-8-18,29,0.76
1910,9/26/2017,9,26,2017,2017-9-26,4,0.68
1905,12/8/2017,12,8,2017,2017-12-8,32,0.07
1909,8/25/2018,8,25,2018,2018-8-25,82,0.6
1910,11/9/2017,11,9,2017,2017-11-9,30,0.37
1904,11/21/2017,11,21,2017,2017-11-21,18,0.49
1911,11/21/2017,11,21,2017,2017-11-21,31,1.76
1906,9/14/2018,9,14,2018,2018-9-14,65,1.44
1908,2/21/2018,2,21,2018,2018-2-21,5,1.71
1911,11/8/2017,11,8,2017,2017-11-8,96,0.79
1906,2/2/2018,2,2,2018,2018-2-2,58,0.58
1907,1/1/2018,1,1,2018,2018-1-1,45,0.25
1909,10/26/2017,10,26,2017,2017-10-26,87,1.35
1904,2/7/2018,2,7,2018,2018-2-7,6,0.14
1910,7/30/2018,7,30,2018,2018-7-30,95,1.42
1904,7/16/2018,7,16,2018,2018-7-16,8,1.91
1907,8/9/2018,8,9,2018,2018-8-9,7,0.54
1903,11/6/2017,11,6,2017,2017-11-6,3,0.19
1910,4/24/2018,4,24,2018,2018-4-24,24,1.58
1905,7/1/2018,7,1,2018,2018-7-1,99,0.69
1910,4/5/2018,4,5,2018,2018-4-5,65,1.12
1907,1/4/2018,1,4,2018,2018-1-4,31,1.51
1910,11/17/2017,11,17,2017,2017-11-17,50,0.55
1911,1/16/2018,1,16,2018,2018-1-16,2,1.38
1903,3/29/2018,3,29,2018,2018-3-29,25,0.8
1910,10/20/2017,10,20,2017,2017-10-20,89,1.21
1904,6/9/2018,6,9,2018,2018-6-9,87,1.54
1903,12/12/2017,12,12,2017,2017-12-12,91,0.26
1906,6/19/2018,6,19,2018,2018-6-19,31,0.08
1904,5/5/2018,5,5,2018,2018-5-5,30,0.59
1910,8/1/2018,8,1,2018,2018-8-1,16,0.31
1905,9/7/2018,9,7,2018,2018-9-7,62,1.05
1903,4/8/2018,4,8,2018,2018-4-8,31,0.37
1909,7/9/2018,7,9,2018,2018-7-9,1,0.04
1910,2/9/2018,2,9,2018,2018-2-9,23,1.25
1909,6/18/2018,6,18,2018,2018-6-18,4,0.45
1904,5/8/2018,5,8,2018,2018-5-8,32,1.84
1911,9/16/2018,9,16,2018,2018-9-16,67,1.23
1905,5/27/2018,5,27,2018,2018-5-27,24,1.83
1904,5/21/2018,5,21,2018,2018-5-21,38,1.26
1910,5/28/2018,5,28,2018,2018-5-28,62,0.51
1903,1/22/2018,1,22,2018,2018-1-22,43,1.55
1905,11/17/2017,11,17,2017,2017-11-17,47,0.83
1906,7/26/2018,7,26,2018,2018-7-26,41,1.97
1905,3/19/2018,3,19,2018,2018-3-19,60,0.3
1906,12/24/2017,12,24,2017,2017-12-24,85,1.59
1907,6/16/2018,6,16,2018,2018-6-16,24,1.62
1904,4/30/2018,4,30,2018,2018-4-30,63,0.84
1904,4/17/2018,4,17,2018,2018-4-17,46,0.38
1909,9/12/2018,9,12,2018,2018-9-12,75,0.57
1906,2/25/2018,2,25,2018,2018-2-25,7,0.45
1909,6/3/2018,6,3,2018,2018-6-3,93,0.18
1903,11/17/2017,11,17,2017,2017-11-17,38,1.81
1911,12/20/2017,12,20,2017,2017-12-20,51,0.31
1903,2/17/2018,2,17,2018,2018-2-17,22,0.25
1911,5/12/2018,5,12,2018,2018-5-12,7,0.51
1911,3/28/2018,3,28,2018,2018-3-28,70,1.72
1906,9/10/2018,9,10,2018,2018-9-10,65,0.76
1903,10/21/2017,10,21,2017,2017-10-21,97,0.41
1908,4/19/2018,4,19,2018,2018-4-19,71,0.11
1905,2/19/2018,2,19,2018,2018-2-19,98,1.78
1904,6/25/2018,6,25,2018,2018-6-25,99,1.13
1911,12/22/2017,12,22,2017,2017-12-22,20,1.78
1904,3/3/2018,3,3,2018,2018-3-3,49,1.34
1908,4/15/2018,4,15,2018,2018-4-15,79,1.12
1903,3/6/2018,3,6,2018,2018-3-6,92,0.16
1903,3/24/2018,3,24,2018,2018-3-24,11,0.34
1910,2/8/2018,2,8,2018,2018-2-8,92,0.2
1905,6/15/2018,6,15,2018,2018-6-15,48,1.49
1908,8/20/2018,8,20,2018,2018-8-20,21,1.6
1908,10/15/2017,10,15,2017,2017-10-15,65,1.53
1910,11/26/2017,11,26,2017,2017-11-26,33,0.11
1906,3/14/2018,3,14,2018,2018-3-14,89,1.66
1904,5/27/2018,5,27,2018,2018-5-27,24,0.95
1905,10/11/2017,10,11,2017,2017-10-11,46,0.09
1908,9/23/2017,9,23,2017,2017-9-23,6,1.24
1905,8/4/2018,8,4,2018,2018-8-4,52,0.19
1908,8/1/2018,8,1,2018,2018-8-1,88,1.23
1903,12/11/2017,12,11,2017,2017-12-11,8,1.19
1911,2/14/2018,2,14,2018,2018-2-14,89,0.13
1911,2/26/2018,2,26,2018,2018-2-26,58,1.15
1907,1/7/2018,1,7,2018,2018-1-7,55,1.98
1903,1/13/2018,1,13,2018,2018-1-13,69,1.34
1910,10/17/2017,10,17,2017,2017-10-17,42,1.59
1910,3/4/2018,3,4,2018,2018-3-4,98,1.61
1911,3/26/2018,3,26,2018,2018-3-26,46,0.18
1903,8/7/2018,8,7,2018,2018-8-7,8,1.3
1907,10/23/2017,10,23,2017,2017-10-23,81,1.78
1911,7/11/2018,7,11,2018,2018-7-11,94,0.4
1906,8/14/2018,8,14,2018,2018-8-14,80,1.18
1906,8/6/2018,8,6,2018,2018-8-6,67,0.38
1909,10/30/2017,10,30,2017,2017-10-30,26,1.36
1907,8/7/2018,8,7,2018,2018-8-7,36,1.8
1903,10/21/2017,10,21,2017,2017-10-21,17,0.03
1908,3/1/2018,3,1,2018,2018-3-1,43,1.85
1904,12/22/2017,12,22,2017,2017-12-22,24,0.53
1909,11/13/2017,11,13,2017,2017-11-13,4,0.19
1908,10/25/2017,10,25,2017,2017-10-25,31,0.98
1908,3/18/2018,3,18,2018,2018-3-18,58,0.06
1907,11/12/2017,11,12,2017,2017-11-12,64,1.93
1905,7/21/2018,7,21,2018,2018-7-21,28,0.08
1906,11/28/2017,11,28,2017,2017-11-28,61,0.99
1911,9/4/2018,9,4,2018,2018-9-4,77,0.83
1903,10/13/2017,10,13,2017,2017-10-13,65,1
1909,2/4/2018,2,4,2018,2018-2-4,83,1.55
1904,10/13/2017,10,13,2017,2017-10-13,87,1.08
1909,6/19/2018,6,19,2018,2018-6-19,40,1.07
1910,8/6/2018,8,6,2018,2018-8-6,48,1.48
1907,12/11/2017,12,11,2017,2017-12-11,99,1.15
1910,8/3/2018,8,3,2018,2018-8-3,75,1.26
1906,11/25/2017,11,25,2017,2017-11-25,5,1.08
1905,11/2/2017,11,2,2017,2017-11-2,94,1.5
1905,9/24/2017,9,24,2017,2017-9-24,72,1.47
1904,2/23/2018,2,23,2018,2018-2-23,49,0.02
1906,4/11/2018,4,11,2018,2018-4-11,22,1.49
1908,6/3/2018,6,3,2018,2018-6-3,80,0.78
1911,3/4/2018,3,4,2018,2018-3-4,37,0.82
1911,7/13/2018,7,13,2018,2018-7-13,84,1.85
1909,7/20/2018,7,20,2018,2018-7-20,72,0.07
1906,11/26/2017,11,26,2017,2017-11-26,73,0.54
1909,10/18/2017,10,18,2017,2017-10-18,94,1.54
1905,7/10/2018,7,10,2018,2018-7-10,18,1.86
1906,9/10/2018,9,10,2018,2018-9-10,11,1.14
1905,7/27/2018,7,27,2018,2018-7-27,52,1.78
1906,5/20/2018,5,20,2018,2018-5-20,7,0.13
1909,8/22/2018,8,22,2018,2018-8-22,62,1.13
1908,12/12/2017,12,12,2017,2017-12-12,65,0.8
1909,5/26/2018,5,26,2018,2018-5-26,40,1.08
1903,5/15/2018,5,15,2018,2018-5-15,28,1.72
1911,7/6/2018,7,6,2018,2018-7-6,79,1.24
1904,10/20/2017,10,20,2017,2017-10-20,12,0.81
1903,3/4/2018,3,4,2018,2018-3-4,96,0.81
1903,2/13/2018,2,13,2018,2018-2-13,96,0.12
1905,4/7/2018,4,7,2018,2018-4-7,38,1.94
1911,1/12/2018,1,12,2018,2018-1-12,67,0.54
1909,8/30/2018,8,30,2018,2018-8-30,25,1.94
1910,1/20/2018,1,20,2018,2018-1-20,37,1.96
1907,4/26/2018,4,26,2018,2018-4-26,32,1.17
1910,7/11/2018,7,11,2018,2018-7-11,13,0.25
1910,3/14/2018,3,14,2018,2018-3-14,30,0.67
1906,7/16/2018,7,16,2018,2018-7-16,43,0.43
1911,10/8/2017,10,8,2017,2017-10-8,97,0.52
1911,3/31/2018,3,31,2018,2018-3-31,46,1.24
1909,2/19/2018,2,19,2018,2018-2-19,11,0.93
1904,2/12/2018,2,12,2018,2018-2-12,13,1.88
1905,5/12/2018,5,12,2018,2018-5-12,36,0.25
1904,4/1/2018,4,1,2018,2018-4-1,52,1.15
1911,5/15/2018,5,15,2018,2018-5-15,28,1.07
1908,7/28/2018,7,28,2018,2018-7-28,45,0.48
1907,10/6/2017,10,6,2017,2017-10-6,95,1.69
1904,8/15/2018,8,15,2018,2018-8-15,100,1.1
1910,6/14/2018,6,14,2018,2018-6-14,74,0.76
1910,4/20/2018,4,20,2018,2018-4-20,60,1.03
1903,1/11/2018,1,11,2018,2018-1-11,85,0.72
1904,1/20/2018,1,20,2018,2018-1-20,32,0.46
1906,7/31/2018,7,31,2018,2018-7-31,10,0.35
1906,12/3/2017,12,3,2017,2017-12-3,9,0.88
1911,9/15/2018,9,15,2018,2018-9-15,16,0.33
1905,12/5/2017,12,5,2017,2017-12-5,67,1.78
1911,5/13/2018,5,13,2018,2018-5-13,74,1.22
1909,6/7/2018,6,7,2018,2018-6-7,95,0.61
1909,6/4/2018,6,4,2018,2018-6-4,9,1.96
1907,2/16/2018,2,16,2018,2018-2-16,58,0.51
1904,12/24/2017,12,24,2017,2017-12-24,83,1.94
1906,9/6/2018,9,6,2018,2018-9-6,51,0.56
1903,5/6/2018,5,6,2018,2018-5-6,8,0.49
1906,4/20/2018,4,20,2018,2018-4-20,39,0.95
1904,4/6/2018,4,6,2018,2018-4-6,86,1.68
1909,11/10/2017,11,10,2017,2017-11-10,52,1.67
1910,3/14/2018,3,14,2018,2018-3-14,79,1.04
1903,2/28/2018,2,28,2018,2018-2-28,44,0.07
1904,4/26/2018,4,26,2018,2018-4-26,99,0.35
1907,6/22/2018,6,22,2018,2018-6-22,2,0.56
1911,11/22/2017,11,22,2017,2017-11-22,95,1.2
1909,2/6/2018,2,6,2018,2018-2-6,98,1.7
1907,5/15/2018,5,15,2018,2018-5-15,39,1.9
1909,7/8/2018,7,8,2018,2018-7-8,50,1.51
1904,1/8/2018,1,8,2018,2018-1-8,10,1.75
1905,12/25/2017,12,25,2017,2017-12-25,7,1.66
1907,2/18/2018,2,18,2018,2018-2-18,46,0.01
1903,5/2/2018,5,2,2018,2018-5-2,52,0.62
1908,1/27/2018,1,27,2018,2018-1-27,27,1.63
1906,5/9/2018,5,9,2018,2018-5-9,73,1.25
1906,10/18/2017,10,18,2017,2017-10-18,78,0.55
1904,12/5/2017,12,5,2017,2017-12-5,1,0.95
1910,9/1/2018,9,1,2018,2018-9-1,60,1.26
1909,10/31/2017,10,31,2017,2017-10-31,8,0.19
1905,12/20/2017,12,20,2017,2017-12-20,2,0.57
1904,4/18/2018,4,18,2018,2018-4-18,27,0.29
1910,12/22/2017,12,22,2017,2017-12-22,91,1.28
1907,10/2/2017,10,2,2017,2017-10-2,58,0.42
1910,1/3/2018,1,3,2018,2018-1-3,36,0.09
1908,12/13/2017,12,13,2017,2017-12-13,2,1.13
1907,2/15/2018,2,15,2018,2018-2-15,71,1.14
1905,8/11/2018,8,11,2018,2018-8-11,39,0.92
1906,7/31/2018,7,31,2018,2018-7-31,82,1.65
1905,11/12/2017,11,12,2017,2017-11-12,94,0.6
1906,1/19/2018,1,19,2018,2018-1-19,66,1.63
1910,5/2/2018,5,2,2018,2018-5-2,14,1.21
1909,1/14/2018,1,14,2018,2018-1-14,80,1.45
1905,5/18/2018,5,18,2018,2018-5-18,63,1.58
1910,5/20/2018,5,20,2018,2018-5-20,85,0.04
1905,10/8/2017,10,8,2017,2017-10-8,94,0.21
1904,2/3/2018,2,3,2018,2018-2-3,13,1.47
1904,4/16/2018,4,16,2018,2018-4-16,18,1.39
1903,4/24/2018,4,24,2018,2018-4-24,83,0.86
1903,10/8/2017,10,8,2017,2017-10-8,48,0.29
1908,5/7/2018,5,7,2018,2018-5-7,27,1.55
1911,3/23/2018,3,23,2018,2018-3-23,95,1.89
1903,11/9/2017,11,9,2017,2017-11-9,97,1.5
1911,3/7/2018,3,7,2018,2018-3-7,18,0.55
1911,7/23/2018,7,23,2018,2018-7-23,48,1.15
1911,9/24/2017,9,24,2017,2017-9-24,65,1.37
1906,2/16/2018,2,16,2018,2018-2-16,67,1.04
1903,5/4/2018,5,4,2018,2018-5-4,43,1.27
1911,7/20/2018,7,20,2018,2018-7-20,62,0.06
1909,5/20/2018,5,20,2018,2018-5-20,7,1.52
1911,1/28/2018,1,28,2018,2018-1-28,41,1.59
1910,3/24/2018,3,24,2018,2018-3-24,29,1.44
1903,9/21/2017,9,21,2017,2017-9-21,5,1.75
1907,10/10/2017,10,10,2017,2017-10-10,100,0.21
1909,10/9/2017,10,9,2017,2017-10-9,29,0
1905,5/17/2018,5,17,2018,2018-5-17,19,1.8
1905,11/13/2017,11,13,2017,2017-11-13,21,0.59
1905,1/11/2018,1,11,2018,2018-1-11,15,1.96
1906,6/13/2018,6,13,2018,2018-6-13,4,1.24
1905,7/24/2018,7,24,2018,2018-7-24,99,1
1907,7/1/2018,7,1,2018,2018-7-1,8,1.65
1908,9/14/2018,9,14,2018,2018-9-14,67,0.37
1903,3/27/2018,3,27,2018,2018-3-27,47,1.76
1909,6/6/2018,6,6,2018,2018-6-6,99,1.07
1909,6/25/2018,6,25,2018,2018-6-25,99,1.76
1905,2/28/2018,2,28,2018,2018-2-28,55,1.58
1909,3/15/2018,3,15,2018,2018-3-15,67,1.65
1911,9/28/2017,9,28,2017,2017-9-28,97,0.5
1909,12/16/2017,12,16,2017,2017-12-16,90,0.72
1904,4/7/2018,4,7,2018,2018-4-7,71,0.13
1911,8/5/2018,8,5,2018,2018-8-5,11,0.98
1904,5/13/2018,5,13,2018,2018-5-13,63,0.17
1907,7/21/2018,7,21,2018,2018-7-21,91,0.22
1904,8/14/2018,8,14,2018,2018-8-14,26,0.4
1905,12/16/2017,12,16,2017,2017-12-16,26,0.41
1910,8/19/2018,8,19,2018,2018-8-19,28,0.72
1909,3/12/2018,3,12,2018,2018-3-12,64,1.85
1903,1/23/2018,1,23,2018,2018-1-23,10,0.42
1908,5/18/2018,5,18,2018,2018-5-18,43,1.6
1904,9/12/2018,9,12,2018,2018-9-12,77,1.84
1908,11/22/2017,11,22,2017,2017-11-22,54,1.12
1903,3/31/2018,3,31,2018,2018-3-31,76,0.04
1910,11/3/2017,11,3,2017,2017-11-3,16,0.08
1910,4/7/2018,4,7,2018,2018-4-7,72,0.62
1910,9/22/2017,9,22,2017,2017-9-22,28,1.91
1903,8/1/2018,8,1,2018,2018-8-1,88,1.09
1911,6/4/2018,6,4,2018,2018-6-4,38,1.31
1908,6/28/2018,6,28,2018,2018-6-28,39,1.61
1903,7/31/2018,7,31,2018,2018-7-31,88,1.32
1908,12/13/2017,12,13,2017,2017-12-13,22,1.52
1910,9/12/2018,9,12,2018,2018-9-12,45,0.86
1904,8/23/2018,8,23,2018,2018-8-23,65,0.42
1907,5/29/2018,5,29,2018,2018-5-29,56,1.75
1906,12/17/2017,12,17,2017,2017-12-17,51,0.89
1910,8/17/2018,8,17,2018,2018-8-17,6,0.49
1905,10/28/2017,10,28,2017,2017-10-28,5,1.81
1908,5/26/2018,5,26,2018,2018-5-26,47,1.54
1903,5/30/2018,5,30,2018,2018-5-30,1,0.44
1907,4/18/2018,4,18,2018,2018-4-18,34,0.87
1907,5/5/2018,5,5,2018,2018-5-5,38,1.23
1909,12/10/2017,12,10,2017,2017-12-10,99,0.49
1908,7/23/2018,7,23,2018,2018-7-23,1,0.99
1903,10/29/2017,10,29,2017,2017-10-29,66,1.65
1911,8/30/2018,8,30,2018,2018-8-30,52,0.87
1903,5/15/2018,5,15,2018,2018-5-15,13,0.06
1904,7/2/2018,7,2,2018,2018-7-2,29,0.26
1907,11/18/2017,11,18,2017,2017-11-18,2,1.51
1904,12/30/2017,12,30,2017,2017-12-30,25,1.89
1910,6/8/2018,6,8,2018,2018-6-8,22,0.87
1905,5/10/2018,5,10,2018,2018-5-10,35,0.77
1903,5/3/2018,5,3,2018,2018-5-3,53,0.82
1909,4/26/2018,4,26,2018,2018-4-26,37,1.94
1904,6/13/2018,6,13,2018,2018-6-13,43,0.1
1907,7/3/2018,7,3,2018,2018-7-3,1,0.57
1909,3/20/2018,3,20,2018,2018-3-20,11,0.09
1911,11/25/2017,11,25,2017,2017-11-25,69,1.51
1909,10/19/2017,10,19,2017,2017-10-19,69,0.59
1908,12/21/2017,12,21,2017,2017-12-21,87,1.47
1910,6/11/2018,6,11,2018,2018-6-11,95,0.86
1905,12/18/2017,12,18,2017,2017-12-18,85,1.86
1910,11/5/2017,11,5,2017,2017-11-5,99,1.9
1908,11/24/2017,11,24,2017,2017-11-24,48,0.63
1907,7/14/2018,7,14,2018,2018-7-14,20,0.51
1910,11/7/2017,11,7,2017,2017-11-7,96,1.16
1908,11/8/2017,11,8,2017,2017-11-8,74,1.32
1905,8/17/2018,8,17,2018,2018-8-17,45,0.51
1910,7/22/2018,7,22,2018,2018-7-22,27,1.68
1907,3/10/2018,3,10,2018,2018-3-10,58,0.4
1904,1/22/2018,1,22,2018,2018-1-22,42,1.22
1906,6/8/2018,6,8,2018,2018-6-8,90,0.29
1903,5/20/2018,5,20,2018,2018-5-20,25,1.05
1909,12/16/2017,12,16,2017,2017-12-16,10,0.56
1909,12/5/2017,12,5,2017,2017-12-5,15,0.88
1903,3/6/2018,3,6,2018,2018-3-6,60,0.96
1911,9/29/2017,9,29,2017,2017-9-29,99,0.81
1909,1/8/2018,1,8,2018,2018-1-8,89,1.4
1908,9/22/2017,9,22,2017,2017-9-22,44,1.69
1910,6/5/2018,6,5,2018,2018-6-5,24,0.51
1903,3/14/2018,3,14,2018,2018-3-14,32,0.84
1906,11/15/2017,11,15,2017,2017-11-15,27,1.22
1910,1/28/2018,1,28,2018,2018-1-28,51,0.36
1904,6/20/2018,6,20,2018,2018-6-20,85,1.11
1904,1/13/2018,1,13,2018,2018-1-13,39,1.6
1905,5/8/2018,5,8,2018,2018-5-8,5,1.03
1905,9/10/2018,9,10,2018,2018-9-10,28,1.71
1907,8/31/2018,8,31,2018,2018-8-31,27,1.12
1906,12/14/2017,12,14,2017,2017-12-14,4,0.24
1905,12/10/2017,12,10,2017,2017-12-10,69,1.24
1903,7/4/2018,7,4,2018,2018-7-4,85,0.92
1909,7/15/2018,7,15,2018,2018-7-15,47,0.52
1903,11/8/2017,11,8,2017,2017-11-8,16,1.06
1906,5/16/2018,5,16,2018,2018-5-16,8,1.18
1906,7/28/2018,7,28,2018,2018-7-28,8,0.79
1911,6/26/2018,6,26,2018,2018-6-26,98,1.99
1905,6/5/2018,6,5,2018,2018-6-5,31,1.6
1904,9/25/2017,9,25,2017,2017-9-25,44,0.19
1905,9/18/2018,9,18,2018,2018-9-18,34,0.32
1910,11/16/2017,11,16,2017,2017-11-16,40,0.63
1906,10/6/2017,10,6,2017,2017-10-6,66,1.71
1906,11/28/2017,11,28,2017,2017-11-28,18,1.84
1911,7/12/2018,7,12,2018,2018-7-12,6,1.84
1910,3/5/2018,3,5,2018,2018-3-5,70,1.81
1905,8/1/2018,8,1,2018,2018-8-1,87,1.06
1910,2/10/2018,2,10,2018,2018-2-10,9,0.65
1909,5/22/2018,5,22,2018,2018-5-22,45,0.13
1911,1/4/2018,1,4,2018,2018-1-4,54,0.68
1907,5/12/2018,5,12,2018,2018-5-12,64,0.54
1903,5/5/2018,5,5,2018,2018-5-5,90,0.49
1905,1/8/2018,1,8,2018,2018-1-8,20,1.25
1907,1/30/2018,1,30,2018,2018-1-30,52,1.18
1905,6/1/2018,6,1,2018,2018-6-1,96,0.52
1911,3/19/2018,3,19,2018,2018-3-19,73,1.96
1903,6/11/2018,6,11,2018,2018-6-11,48,1.66
1908,7/3/2018,7,3,2018,2018-7-3,82,1.87
1906,1/15/2018,1,15,2018,2018-1-15,6,1.2
1905,12/5/2017,12,5,2017,2017-12-5,45,1.68
1904,3/22/2018,3,22,2018,2018-3-22,61,1.14
1908,1/8/2018,1,8,2018,2018-1-8,89,1.76
1908,5/25/2018,5,25,2018,2018-5-25,40,1.92
1903,9/13/2018,9,13,2018,2018-9-13,89,1.19
1907,12/23/2017,12,23,2017,2017-12-23,4,0.27
1911,4/28/2018,4,28,2018,2018-4-28,10,1.79
1910,10/6/2017,10,6,2017,2017-10-6,47,1.43
1904,6/2/2018,6,2,2018,2018-6-2,19,0.3
1904,10/5/2017,10,5,2017,2017-10-5,22,1.97
1909,6/1/2018,6,1,2018,2018-6-1,27,0.83
1910,10/14/2017,10,14,2017,2017-10-14,71,0.06
1906,8/21/2018,8,21,2018,2018-8-21,79,0.73
1904,3/26/2018,3,26,2018,2018-3-26,87,1.73
1906,4/18/2018,4,18,2018,2018-4-18,95,0.12
1911,1/28/2018,1,28,2018,2018-1-28,79,0.94
1911,3/18/2018,3,18,2018,2018-3-18,61,1.21
1906,5/5/2018,5,5,2018,2018-5-5,67,1.76
1903,7/30/2018,7,30,2018,2018-7-30,89,1.23
1906,4/26/2018,4,26,2018,2018-4-26,34,0.25
1910,2/21/2018,2,21,2018,2018-2-21,79,1.76
1911,9/28/2017,9,28,2017,2017-9-28,6,0.95
1903,8/24/2018,8,24,2018,2018-8-24,38,1.54
1911,12/9/2017,12,9,2017,2017-12-9,81,0.51
1907,8/26/2018,8,26,2018,2018-8-26,45,1.66
1909,1/26/2018,1,26,2018,2018-1-26,1,0.88
1906,10/25/2017,10,25,2017,2017-10-25,34,0.39
1904,10/11/2017,10,11,2017,2017-10-11,20,1.84
1908,1/12/2018,1,12,2018,2018-1-12,78,1.19
1910,2/26/2018,2,26,2018,2018-2-26,31,0.75
1903,9/27/2017,9,27,2017,2017-9-27,2,1.64
1909,2/18/2018,2,18,2018,2018-2-18,98,0.51
1903,5/30/2018,5,30,2018,2018-5-30,20,1.69
1906,2/16/2018,2,16,2018,2018-2-16,14,1.92
1904,12/23/2017,12,23,2017,2017-12-23,28,0.01
1906,4/17/2018,4,17,2018,2018-4-17,82,0.74
1904,7/5/2018,7,5,2018,2018-7-5,1,1.99
1909,12/21/2017,12,21,2017,2017-12-21,48,1.04
1907,5/13/2018,5,13,2018,2018-5-13,96,1.62
1905,8/14/2018,8,14,2018,2018-8-14,50,0.18
1911,4/5/2018,4,5,2018,2018-4-5,57,0.72
1910,7/24/2018,7,24,2018,2018-7-24,14,1.8
1903,12/16/2017,12,16,2017,2017-12-16,99,0.86
1905,12/2/2017,12,2,2017,2017-12-2,16,1
1907,7/21/2018,7,21,2018,2018-7-21,90,1.84
1909,4/12/2018,4,12,2018,2018-4-12,77,0.87
1909,2/18/2018,2,18,2018,2018-2-18,32,1.86
1906,1/10/2018,1,10,2018,2018-1-10,12,0.73
1904,10/6/2017,10,6,2017,2017-10-6,78,1.79
1910,11/9/2017,11,9,2017,2017-11-9,71,1.74
1906,8/3/2018,8,3,2018,2018-8-3,68,1.35
1905,1/27/2018,1,27,2018,2018-1-27,79,0.18
1905,12/26/2017,12,26,2017,2017-12-26,24,0.55
1905,2/25/2018,2,25,2018,2018-2-25,77,1.62
1908,10/13/2017,10,13,2017,2017-10-13,20,0.33
1908,12/13/2017,12,13,2017,2017-12-13,78,1.58
1911,5/10/2018,5,10,2018,2018-5-10,62,1.48
1908,3/19/2018,3,19,2018,2018-3-19,60,1.35
1909,9/17/2018,9,17,2018,2018-9-17,9,1.15
1904,7/29/2018,7,29,2018,2018-7-29,6,0.52
1906,9/27/2017,9,27,2017,2017-9-27,37,1.8
1908,9/22/2017,9,22,2017,2017-9-22,13,0.72
1910,3/16/2018,3,16,2018,2018-3-16,78,1.32
1905,10/4/2017,10,4,2017,2017-10-4,47,1.34
1907,2/4/2018,2,4,2018,2018-2-4,56,0.06
1909,7/12/2018,7,12,2018,2018-7-12,47,0.79
1911,2/2/2018,2,2,2018,2018-2-2,78,0.13
1903,3/9/2018,3,9,2018,2018-3-9,68,1.64
1906,5/28/2018,5,28,2018,2018-5-28,36,0.96
1911,11/15/2017,11,15,2017,2017-11-15,78,1.27
1911,10/24/2017,10,24,2017,2017-10-24,27,1.35
1908,6/5/2018,6,5,2018,2018-6-5,56,1.67
1909,5/30/2018,5,30,2018,2018-5-30,100,1.02
1903,10/15/2017,10,15,2017,2017-10-15,29,1.79
1909,12/6/2017,12,6,2017,2017-12-6,41,1.75
1906,7/4/2018,7,4,2018,2018-7-4,25,0.92
1905,3/21/2018,3,21,2018,2018-3-21,33,1.22
1904,11/28/2017,11,28,2017,2017-11-28,44,0.27
1908,4/23/2018,4,23,2018,2018-4-23,15,0.78
1910,10/11/2017,10,11,2017,2017-10-11,55,0.43
1910,5/4/2018,5,4,2018,2018-5-4,61,0.75
1905,7/25/2018,7,25,2018,2018-7-25,11,1.91
1903,8/20/2018,8,20,2018,2018-8-20,97,1.27
1908,6/19/2018,6,19,2018,2018-6-19,54,0.17
1904,3/16/2018,3,16,2018,2018-3-16,86,1.74
1904,5/16/2018,5,16,2018,2018-5-16,71,1.03
1905,11/14/2017,11,14,2017,2017-11-14,50,1.76
1903,12/3/2017,12,3,2017,2017-12-3,56,1.68
1904,1/16/2018,1,16,2018,2018-1-16,94,0.43
1904,5/16/2018,5,16,2018,2018-5-16,31,1.11
1911,9/3/2018,9,3,2018,2018-9-3,31,0.78
1904,7/12/2018,7,12,2018,2018-7-12,99,0.65
1904,1/10/2018,1,10,2018,2018-1-10,100,1.6
1908,3/30/2018,3,30,2018,2018-3-30,55,0.67
1906,10/26/2017,10,26,2017,2017-10-26,50,0.13
1909,5/8/2018,5,8,2018,2018-5-8,14,0.92
1903,3/10/2018,3,10,2018,2018-3-10,41,0.48
1907,7/26/2018,7,26,2018,2018-7-26,16,1.9
1903,11/11/2017,11,11,2017,2017-11-11,49,0.38
1910,7/17/2018,7,17,2018,2018-7-17,58,1.69
1907,4/25/2018,4,25,2018,2018-4-25,70,0.63
1908,7/15/2018,7,15,2018,2018-7-15,36,1.07
1905,12/22/2017,12,22,2017,2017-12-22,50,0.22
1910,2/5/2018,2,5,2018,2018-2-5,42,0.74
1908,1/2/2018,1,2,2018,2018-1-2,27,1.45
1907,1/25/2018,1,25,2018,2018-1-25,15,0.61
1909,11/14/2017,11,14,2017,2017-11-14,31,0.05
1906,11/15/2017,11,15,2017,2017-11-15,51,0.24
1910,9/7/2018,9,7,2018,2018-9-7,48,1.39
1904,7/25/2018,7,25,2018,2018-7-25,10,1.77
1910,6/6/2018,6,6,2018,2018-6-6,26,0.98
1907,11/20/2017,11,20,2017,2017-11-20,7,1.33
1903,3/1/2018,3,1,2018,2018-3-1,5,0.38
1903,5/22/2018,5,22,2018,2018-5-22,87,0.56
1903,3/31/2018,3,31,2018,2018-3-31,64,1.97
1907,3/1/2018,3,1,2018,2018-3-1,77,0.23
1904,5/12/2018,5,12,2018,2018-5-12,78,0.49
1910,7/22/2018,7,22,2018,2018-7-22,67,0.44
1905,6/2/2018,6,2,2018,2018-6-2,73,0.96
1907,2/15/2018,2,15,2018,2018-2-15,25,0.52
1905,10/21/2017,10,21,2017,2017-10-21,74,1.59
1911,4/11/2018,4,11,2018,2018-4-11,63,1.35
1903,5/23/2018,5,23,2018,2018-5-23,35,0.27
1908,5/14/2018,5,14,2018,2018-5-14,62,1.35
1904,11/15/2017,11,15,2017,2017-11-15,12,1.35
1911,10/24/2017,10,24,2017,2017-10-24,42,1.08
1904,2/5/2018,2,5,2018,2018-2-5,43,0.31
1905,7/1/2018,7,1,2018,2018-7-1,20,1.77
1905,11/17/2017,11,17,2017,2017-11-17,39,1.53
1904,3/26/2018,3,26,2018,2018-3-26,5,1.77
1908,5/20/2018,5,20,2018,2018-5-20,94,0.35
1907,9/28/2017,9,28,2017,2017-9-28,97,0.94
1910,3/4/2018,3,4,2018,2018-3-4,24,1.91
1904,7/7/2018,7,7,2018,2018-7-7,94,0.57
1906,7/25/2018,7,25,2018,2018-7-25,91,0.35
1906,3/24/2018,3,24,2018,2018-3-24,73,0.22
1907,3/13/2018,3,13,2018,2018-3-13,43,1.76
1904,1/16/2018,1,16,2018,2018-1-16,73,1.21
1907,2/12/2018,2,12,2018,2018-2-12,57,1.91
1910,2/11/2018,2,11,2018,2018-2-11,19,0.97
1910,5/19/2018,5,19,2018,2018-5-19,6,0.8
1905,12/29/2017,12,29,2017,2017-12-29,58,1.85
1905,8/22/2018,8,22,2018,2018-8-22,100,0.63
1905,10/2/2017,10,2,2017,2017-10-2,43,0.45
1907,12/9/2017,12,9,2017,2017-12-9,36,0.1
1908,8/6/2018,8,6,2018,2018-8-6,69,0.65
1905,6/24/2018,6,24,2018,2018-6-24,9,0.85
1907,7/2/2018,7,2,2018,2018-7-2,50,1.34
1904,4/12/2018,4,12,2018,2018-4-12,95,1.07
1910,6/27/2018,6,27,2018,2018-6-27,75,0.48
1904,7/17/2018,7,17,2018,2018-7-17,13,0.17
1905,3/17/2018,3,17,2018,2018-3-17,2,0.94
1908,1/20/2018,1,20,2018,2018-1-20,13,1.62
1904,7/7/2018,7,7,2018,2018-7-7,58,0.83
1908,1/23/2018,1,23,2018,2018-1-23,58,0.19
1905,11/9/2017,11,9,2017,2017-11-9,60,1.2
1907,12/10/2017,12,10,2017,2017-12-10,30,0.37
1906,1/16/2018,1,16,2018,2018-1-16,42,0.68
1907,11/3/2017,11,3,2017,2017-11-3,88,1.31
1905,6/25/2018,6,25,2018,2018-6-25,12,1.49
1911,1/26/2018,1,26,2018,2018-1-26,63,1.39
1907,6/5/2018,6,5,2018,2018-6-5,71,0.92
1903,11/4/2017,11,4,2017,2017-11-4,29,1.15
1906,5/11/2018,5,11,2018,2018-5-11,93,0.32
1911,9/2/2018,9,2,2018,2018-9-2,75,0.56
1903,9/3/2018,9,3,2018,2018-9-3,99,0.22
1906,2/25/2018,2,25,2018,2018-2-25,26,1.23
1903,4/20/2018,4,20,2018,2018-4-20,21,1.1
1906,1/16/2018,1,16,2018,2018-1-16,15,1.58
1907,9/24/2017,9,24,2017,2017-9-24,97,1.14
1907,12/5/2017,12,5,2017,2017-12-5,48,1.76
1907,1/10/2018,1,10,2018,2018-1-10,41,1.27
1909,6/10/2018,6,10,2018,2018-6-10,77,0.99
1909,7/4/2018,7,4,2018,2018-7-4,17,1.34
1905,2/9/2018,2,9,2018,2018-2-9,36,0.11
1910,9/13/2018,9,13,2018,2018-9-13,10,0.33
1910,1/21/2018,1,21,2018,2018-1-21,11,1.33
1907,4/10/2018,4,10,2018,2018-4-10,11,1.61
1903,12/22/2017,12,22,2017,2017-12-22,18,1.94
1907,7/23/2018,7,23,2018,2018-7-23,29,0.41
1908,12/9/2017,12,9,2017,2017-12-9,21,1.97
1904,4/16/2018,4,16,2018,2018-4-16,44,0.67
1903,9/2/2018,9,2,2018,2018-9-2,23,0.32
1907,10/20/2017,10,20,2017,2017-10-20,6,0.68
1908,8/6/2018,8,6,2018,2018-8-6,61,0.7
1906,12/22/2017,12,22,2017,2017-12-22,80,0.39
1909,9/17/2018,9,17,2018,2018-9-17,34,1.86
1906,3/23/2018,3,23,2018,2018-3-23,85,1.01
1903,1/22/2018,1,22,2018,2018-1-22,79,1.66
1910,10/8/2017,10,8,2017,2017-10-8,13,1.69
1904,12/6/2017,12,6,2017,2017-12-6,17,1.65
1905,8/6/2018,8,6,2018,2018-8-6,16,1.74
1907,8/31/2018,8,31,2018,2018-8-31,6,1.41
1906,4/12/2018,4,12,2018,2018-4-12,37,1.59
1907,12/27/2017,12,27,2017,2017-12-27,91,0.62
1903,1/21/2018,1,21,2018,2018-1-21,73,1.71
1904,10/25/2017,10,25,2017,2017-10-25,38,1.87
1910,3/29/2018,3,29,2018,2018-3-29,1,0.84
1906,9/28/2017,9,28,2017,2017-9-28,30,1.58
1909,7/20/2018,7,20,2018,2018-7-20,85,0.64
1908,12/23/2017,12,23,2017,2017-12-23,85,0.82
1905,8/16/2018,8,16,2018,2018-8-16,47,0.03
1904,10/1/2017,10,1,2017,2017-10-1,10,0.15
1905,11/16/2017,11,16,2017,2017-11-16,99,1.8
1905,11/30/2017,11,30,2017,2017-11-30,3,1.16
1903,1/27/2018,1,27,2018,2018-1-27,33,0.25
1904,7/14/2018,7,14,2018,2018-7-14,17,0.65
1908,9/5/2018,9,5,2018,2018-9-5,61,0.8
1908,2/7/2018,2,7,2018,2018-2-7,35,1.55
1907,4/11/2018,4,11,2018,2018-4-11,23,1.63
1908,10/8/2017,10,8,2017,2017-10-8,35,1.17
1905,8/14/2018,8,14,2018,2018-8-14,26,0.59
1904,2/23/2018,2,23,2018,2018-2-23,76,1.74
1904,6/17/2018,6,17,2018,2018-6-17,10,1.26
1907,11/27/2017,11,27,2017,2017-11-27,40,0.38
1904,10/31/2017,10,31,2017,2017-10-31,31,0.43
1907,12/26/2017,12,26,2017,2017-12-26,55,0.41
1910,5/27/2018,5,27,2018,2018-5-27,14,1.56
1909,3/30/2018,3,30,2018,2018-3-30,71,0.92
1905,3/15/2018,3,15,2018,2018-3-15,59,0.03
1904,12/6/2017,12,6,2017,2017-12-6,21,1.3
1903,8/5/2018,8,5,2018,2018-8-5,65,1.41
1908,7/18/2018,7,18,2018,2018-7-18,73,1.46
1910,12/20/2017,12,20,2017,2017-12-20,61,0.64
1910,1/11/2018,1,11,2018,2018-1-11,18,0.21
1908,8/19/2018,8,19,2018,2018-8-19,30,1.07
1907,4/19/2018,4,19,2018,2018-4-19,10,0.61
1909,2/12/2018,2,12,2018,2018-2-12,8,0.24
1904,4/30/2018,4,30,2018,2018-4-30,27,0.31
1906,11/3/2017,11,3,2017,2017-11-3,5,0.6
1903,6/8/2018,6,8,2018,2018-6-8,21,1.92
1904,4/16/2018,4,16,2018,2018-4-16,46,0.64
1907,9/12/2018,9,12,2018,2018-9-12,26,0.01
1907,3/4/2018,3,4,2018,2018-3-4,19,0.62
1905,4/3/2018,4,3,2018,2018-4-3,86,1.3
1903,2/3/2018,2,3,2018,2018-2-3,100,0.75
1905,8/30/2018,8,30,2018,2018-8-30,84,0.56
1909,1/25/2018,1,25,2018,2018-1-25,6,1.49
1908,6/25/2018,6,25,2018,2018-6-25,11,1.03
1909,8/6/2018,8,6,2018,2018-8-6,34,0.62
1910,1/29/2018,1,29,2018,2018-1-29,10,0.46
1911,2/18/2018,2,18,2018,2018-2-18,57,0.88
1907,3/9/2018,3,9,2018,2018-3-9,92,1.1
1911,8/7/2018,8,7,2018,2018-8-7,66,1.91
1906,6/10/2018,6,10,2018,2018-6-10,8,0.87
1910,1/3/2018,1,3,2018,2018-1-3,90,1.99
1910,12/11/2017,12,11,2017,2017-12-11,35,0.78
1904,11/30/2017,11,30,2017,2017-11-30,12,1.77
1905,1/14/2018,1,14,2018,2018-1-14,34,1.76
1903,12/8/2017,12,8,2017,2017-12-8,36,0.93
1903,1/15/2018,1,15,2018,2018-1-15,68,1.91
1905,12/1/2017,12,1,2017,2017-12-1,4,0.46
1909,12/11/2017,12,11,2017,2017-12-11,15,1.45
1903,5/18/2018,5,18,2018,2018-5-18,23,0.47
1907,4/24/2018,4,24,2018,2018-4-24,72,0.38
1903,8/10/2018,8,10,2018,2018-8-10,58,1.75
1911,11/12/2017,11,12,2017,2017-11-12,29,0.69
1907,1/27/2018,1,27,2018,2018-1-27,82,0.39
1908,3/22/2018,3,22,2018,2018-3-22,3,0.01
1908,12/21/2017,12,21,2017,2017-12-21,29,0.37
1903,6/21/2018,6,21,2018,2018-6-21,16,0.29
1910,11/4/2017,11,4,2017,2017-11-4,92,0.02
1904,9/15/2018,9,15,2018,2018-9-15,80,0.76
1905,12/13/2017,12,13,2017,2017-12-13,43,0.51
1909,4/5/2018,4,5,2018,2018-4-5,64,0.97
1907,1/6/2018,1,6,2018,2018-1-6,83,1.6
1908,11/29/2017,11,29,2017,2017-11-29,50,0.57
1907,10/30/2017,10,30,2017,2017-10-30,5,0.49
1904,12/5/2017,12,5,2017,2017-12-5,69,0.9
1908,10/24/2017,10,24,2017,2017-10-24,13,1.56
1906,3/6/2018,3,6,2018,2018-3-6,19,0.21
1907,3/3/2018,3,3,2018,2018-3-3,50,0.35
1907,11/12/2017,11,12,2017,2017-11-12,52,0.09
1907,1/20/2018,1,20,2018,2018-1-20,91,1.78
1904,1/1/2018,1,1,2018,2018-1-1,37,1.92
1910,8/4/2018,8,4,2018,2018-8-4,20,1.14
1908,12/11/2017,12,11,2017,2017-12-11,98,1.01
1904,11/28/2017,11,28,2017,2017-11-28,68,1.6
1910,2/9/2018,2,9,2018,2018-2-9,17,0.48
1911,4/4/2018,4,4,2018,2018-4-4,49,1.89
1905,3/31/2018,3,31,2018,2018-3-31,1,1.93
1903,10/27/2017,10,27,2017,2017-10-27,21,1.13
1905,8/12/2018,8,12,2018,2018-8-12,74,1.54
1910,4/16/2018,4,16,2018,2018-4-16,16,0.33
1909,4/29/2018,4,29,2018,2018-4-29,50,0.14
1909,7/14/2018,7,14,2018,2018-7-14,49,0.29
1904,3/20/2018,3,20,2018,2018-3-20,71,1.39
1904,12/2/2017,12,2,2017,2017-12-2,60,0.7
1905,4/23/2018,4,23,2018,2018-4-23,88,0.95
1908,11/2/2017,11,2,2017,2017-11-2,76,1.01
1904,4/17/2018,4,17,2018,2018-4-17,80,0.43
1903,12/29/2017,12,29,2017,2017-12-29,5,1.29
1908,11/28/2017,11,28,2017,2017-11-28,38,0.18
1904,1/26/2018,1,26,2018,2018-1-26,11,0.71
1909,2/16/2018,2,16,2018,2018-2-16,89,0.74
1909,3/12/2018,3,12,2018,2018-3-12,4,0.47
1908,3/26/2018,3,26,2018,2018-3-26,49,0.82
1909,12/3/2017,12,3,2017,2017-12-3,42,1.37
1911,10/13/2017,10,13,2017,2017-10-13,58,1.29
1904,10/22/2017,10,22,2017,2017-10-22,20,1.18
1911,11/13/2017,11,13,2017,2017-11-13,27,1.51
1908,2/9/2018,2,9,2018,2018-2-9,91,0.11
1907,6/12/2018,6,12,2018,2018-6-12,86,0.86
1906,7/23/2018,7,23,2018,2018-7-23,23,0.42
1909,4/18/2018,4,18,2018,2018-4-18,52,0.36
1909,1/29/2018,1,29,2018,2018-1-29,96,1.37
1911,1/2/2018,1,2,2018,2018-1-2,80,0.39
1909,11/2/2017,11,2,2017,2017-11-2,13,0.61
1910,5/28/2018,5,28,2018,2018-5-28,64,1.39
1911,8/27/2018,8,27,2018,2018-8-27,100,0.86
1905,1/4/2018,1,4,2018,2018-1-4,44,1.42
1909,11/8/2017,11,8,2017,2017-11-8,52,1.66
1910,10/8/2017,10,8,2017,2017-10-8,37,1.29
1908,5/1/2018,5,1,2018,2018-5-1,41,0.4
1911,3/26/2018,3,26,2018,2018-3-26,90,0.58
1908,12/25/2017,12,25,2017,2017-12-25,1,1.71
1906,12/25/2017,12,25,2017,2017-12-25,37,0.21
1906,1/8/2018,1,8,2018,2018-1-8,96,0.05
1906,11/12/2017,11,12,2017,2017-11-12,33,1.15
1906,8/23/2018,8,23,2018,2018-8-23,88,0.11
1903,12/3/2017,12,3,2017,2017-12-3,5,0.96
1911,1/24/2018,1,24,2018,2018-1-24,94,0.64
1908,3/14/2018,3,14,2018,2018-3-14,99,0.31
1905,5/21/2018,5,21,2018,2018-5-21,84,1.64
1903,12/2/2017,12,2,2017,2017-12-2,49,1.94
1904,9/14/2018,9,14,2018,2018-9-14,16,0.28
1908,5/9/2018,5,9,2018,2018-5-9,97,1.96
1907,3/20/2018,3,20,2018,2018-3-20,97,0.11
1906,6/6/2018,6,6,2018,2018-6-6,100,0.55
1903,10/17/2017,10,17,2017,2017-10-17,14,0.23
1908,2/16/2018,2,16,2018,2018-2-16,5,1.2
1911,1/28/2018,1,28,2018,2018-1-28,60,0.59
1910,10/17/2017,10,17,2017,2017-10-17,70,0.8
1906,5/27/2018,5,27,2018,2018-5-27,7,1.76
1903,9/22/2017,9,22,2017,2017-9-22,96,0.35
1905,6/29/2018,6,29,2018,2018-6-29,75,0.03
1910,6/4/2018,6,4,2018,2018-6-4,4,0.42
1904,1/29/2018,1,29,2018,2018-1-29,34,0.68
1909,5/25/2018,5,25,2018,2018-5-25,53,1.48
1911,4/29/2018,4,29,2018,2018-4-29,53,0.64
1909,1/25/2018,1,25,2018,2018-1-25,39,0.92
1910,10/23/2017,10,23,2017,2017-10-23,49,0.44
1910,9/8/2018,9,8,2018,2018-9-8,52,0.23
1911,4/10/2018,4,10,2018,2018-4-10,54,1.6
1911,9/1/2018,9,1,2018,2018-9-1,55,1.89
1910,2/11/2018,2,11,2018,2018-2-11,97,0.64
1910,3/7/2018,3,7,2018,2018-3-7,2,0.47
1905,4/23/2018,4,23,2018,2018-4-23,28,0.28
1905,5/17/2018,5,17,2018,2018-5-17,65,1.9
1905,1/22/2018,1,22,2018,2018-1-22,41,0.87
1908,5/27/2018,5,27,2018,2018-5-27,73,0.13
1905,11/27/2017,11,27,2017,2017-11-27,24,1.55
1910,5/29/2018,5,29,2018,2018-5-29,53,0.61
1911,9/27/2017,9,27,2017,2017-9-27,58,0.85
1903,6/11/2018,6,11,2018,2018-6-11,23,1.61
1903,5/30/2018,5,30,2018,2018-5-30,10,0.16
1907,2/25/2018,2,25,2018,2018-2-25,95,0.14
1911,4/18/2018,4,18,2018,2018-4-18,15,1.16
1904,2/19/2018,2,19,2018,2018-2-19,2,1.84
1908,1/5/2018,1,5,2018,2018-1-5,64,0.27
1908,6/13/2018,6,13,2018,2018-6-13,99,1.21
1910,8/3/2018,8,3,2018,2018-8-3,21,0.47
1908,1/23/2018,1,23,2018,2018-1-23,20,0.65
1908,6/14/2018,6,14,2018,2018-6-14,11,1.44
1904,11/6/2017,11,6,2017,2017-11-6,50,1.06
1905,11/25/2017,11,25,2017,2017-11-25,6,0.04
1908,9/1/2018,9,1,2018,2018-9-1,98,0.64
1908,12/7/2017,12,7,2017,2017-12-7,43,0.63
1907,6/23/2018,6,23,2018,2018-6-23,80,1.57
1906,5/8/2018,5,8,2018,2018-5-8,62,1.78
1904,4/22/2018,4,22,2018,2018-4-22,100,1.57
1904,10/14/2017,10,14,2017,2017-10-14,100,1.3
1906,5/29/2018,5,29,2018,2018-5-29,33,1.2
1910,7/14/2018,7,14,2018,2018-7-14,44,0.47
1909,12/18/2017,12,18,2017,2017-12-18,52,1.65
1905,12/22/2017,12,22,2017,2017-12-22,70,0.12
1908,7/28/2018,7,28,2018,2018-7-28,98,1.26
1907,3/29/2018,3,29,2018,2018-3-29,30,0.94
1907,11/29/2017,11,29,2017,2017-11-29,17,0.36
1905,9/21/2017,9,21,2017,2017-9-21,100,1.6
1906,4/16/2018,4,16,2018,2018-4-16,97,1.86
1911,6/17/2018,6,17,2018,2018-6-17,9,1.87
1903,9/27/2017,9,27,2017,2017-9-27,98,1.82
1909,6/26/2018,6,26,2018,2018-6-26,6,0.08
1903,4/4/2018,4,4,2018,2018-4-4,73,1.99
1904,5/3/2018,5,3,2018,2018-5-3,60,1.1
1904,7/30/2018,7,30,2018,2018-7-30,18,0.54
1906,5/9/2018,5,9,2018,2018-5-9,35,1.94
1909,10/3/2017,10,3,2017,2017-10-3,5,0.05
1905,8/23/2018,8,23,2018,2018-8-23,75,0.87
1903,7/28/2018,7,28,2018,2018-7-28,38,1.52
1911,12/22/2017,12,22,2017,2017-12-22,20,0.11
1907,2/11/2018,2,11,2018,2018-2-11,61,1.84
1905,1/22/2018,1,22,2018,2018-1-22,69,0.43
1906,11/26/2017,11,26,2017,2017-11-26,2,0.84
1905,11/2/2017,11,2,2017,2017-11-2,36,1.5
1907,3/19/2018,3,19,2018,2018-3-19,11,0.93
1903,9/8/2018,9,8,2018,2018-9-8,21,0.83
1905,12/26/2017,12,26,2017,2017-12-26,59,1.47
1905,9/14/2018,9,14,2018,2018-9-14,53,1.91
1904,7/1/2018,7,1,2018,2018-7-1,73,1.97
1906,10/15/2017,10,15,2017,2017-10-15,27,1.38
1904,9/1/2018,9,1,2018,2018-9-1,74,0.9
1910,5/10/2018,5,10,2018,2018-5-10,18,0.1
1903,8/22/2018,8,22,2018,2018-8-22,4,1.26
1907,7/18/2018,7,18,2018,2018-7-18,83,1.33
1909,11/11/2017,11,11,2017,2017-11-11,71,1.29
1906,9/25/2017,9,25,2017,2017-9-25,100,0.66
1906,5/10/2018,5,10,2018,2018-5-10,16,0.56
